{"cameraMode":{"drawMode":0,"name":"Shaded","section":"Shading Mode"},"sceneLighting":false,"audioPlay":false,"sceneViewState":{"m_AlwaysRefresh":false,"showFog":true,"showSkybox":false,"showFlares":true,"showImageEffects":true,"showParticleSystems":true,"showVisualEffectGraphs":true,"m_FxEnabled":true},"in2DMode":false,"pivot":{"x":-0.07386302947998047,"y":-0.15892691910266877,"z":0.09882453083992005},"rotation":{"x":0.19384343922138215,"y":-0.7776421308517456,"z":0.28739026188850405,"w":0.524509847164154},"size":0.9057413935661316,"orthographic":true}