{"cameraMode":{"drawMode":0,"name":"Shaded","section":"Shading Mode"},"sceneLighting":false,"audioPlay":false,"sceneViewState":{"m_AlwaysRefresh":false,"showFog":true,"showSkybox":false,"showFlares":true,"showImageEffects":true,"showParticleSystems":true,"showVisualEffectGraphs":true,"m_FxEnabled":true},"in2DMode":false,"pivot":{"x":-0.14904940128326417,"y":-0.5776467323303223,"z":-0.09519670158624649},"rotation":{"x":0.2566640377044678,"y":0.2887604534626007,"z":-0.08066524565219879,"w":0.9188193082809448},"size":0.6709743142127991,"orthographic":true}